{
  "experiment_id": "nn_gp__boxcox",
  "method": "nn_gp",
  "transform": "boxcox",
  "config": {
    "m": 20,
    "max_lag": 100,
    "nu": 1.5,
    "seed": 42,
    "hidden_dim": 24,
    "dropout": 0.0,
    "weight_decay": 0.001,
    "epochs": 400,
    "gls_iterations": 6,
    "boxcox_lambda": 0.2,
    "n_params_eff": 3052,
    "train_split": "hydr_year < 30",
    "test_split": "hydr_year >= 30",
    "selection": "tail-of-training heldout CRPS (kriging, Box-Cox)"
  },
  "selection": {
    "criterion": "val_CRPS_krig(train_heldout, boxcox)",
    "selection_score": 0.5074640832179254,
    "subtrain_n": 8401,
    "holdout_n": 2100,
    "boxcox_shift": 0.0
  },
  "best": {
    "theta": [
      0.4313837032406332,
      13.494428307439485,
      1.5,
      0.0009407663802247227
    ],
    "n_params_eff": 3052,
    "boxcox_shift": 0.0,
    "metrics": {
      "sim_train": {
        "RMSE": 2.698190559433467,
        "NRMSE": 0.5619719450169123,
        "MAE": 1.1304165977269587,
        "RelErr": 1.210468398675199,
        "NSE": 0.6841875330139084,
        "Bias": 0.37414169710544304,
        "PBIAS": 17.463516474861603,
        "KGE": 0.5742833848976119,
        "N": 10501,
        "CRPS": 0.8294846780585808
      },
      "sim_test": {
        "RMSE": 2.8236184452366073,
        "NRMSE": 0.6687305365785121,
        "MAE": 1.1012568723095166,
        "RelErr": 1.169704599260874,
        "NSE": 0.5527994694474154,
        "Bias": 0.19695735559415256,
        "PBIAS": 10.519119889854325,
        "KGE": 0.6124504182570711,
        "N": 3652,
        "CRPS": 0.7976932523278559
      },
      "krig_train": {
        "RMSE": 0.29058912347498717,
        "NRMSE": 0.06052312886095287,
        "MAE": 0.088297876162615,
        "RelErr": 0.046505738939951406,
        "NSE": 0.9963369508728805,
        "Bias": 0.020231316391923534,
        "PBIAS": 0.944321175244261,
        "KGE": 0.9815147729272108,
        "N": 10501,
        "CRPS": 0.06756149395498469
      },
      "krig_test": {
        "RMSE": 3.6385712150520995,
        "NRMSE": 0.8617395473973203,
        "MAE": 0.5396053705166488,
        "RelErr": 0.11405470168044449,
        "NSE": 0.25740495245146167,
        "Bias": -0.14050590875066638,
        "PBIAS": -7.504154871101813,
        "KGE": 0.5425256847937777,
        "N": 3652,
        "CRPS": 0.50357500385659
      }
    },
    "diagnostics": {
      "calibration": {
        "sim_train": {
          "n_valid": 10501,
          "pit_mean": 0.42475306088659426,
          "pit_var": 0.09901249169363398,
          "rqr_mean": -0.205345006047805,
          "rqr_std": 1.1542837028452255
        },
        "sim_test": {
          "n_valid": 3652,
          "pit_mean": 0.4053271615401147,
          "pit_var": 0.09118801886154118,
          "rqr_mean": -0.26083889010423633,
          "rqr_std": 1.1292263639906308
        },
        "krig_train": {
          "n_valid": 10501,
          "pit_mean": 0.48591889764308216,
          "pit_var": 0.05309805478543339,
          "rqr_mean": -0.038421855258691386,
          "rqr_std": 0.915320878838811
        },
        "krig_test": {
          "n_valid": 3652,
          "pit_mean": 0.47111706907529416,
          "pit_var": 0.08338655338373337,
          "rqr_mean": -0.10537246228797609,
          "rqr_std": 2.123899704999581
        }
      },
      "innovation": {
        "sim_test": {
          "n_valid": 3652,
          "z_mean": 0.29954860125416816,
          "z_std": 4.283926204693722,
          "z_skew": 3.8732627191706515,
          "z_excess_kurtosis": 64.93704356318956
        },
        "krig_test": {
          "n_valid": 3652,
          "z_mean": -1.926308809384169,
          "z_std": 49.84690025227502,
          "z_skew": -14.69036160737765,
          "z_excess_kurtosis": 325.5919712250377
        }
      }
    }
  },
  "runtime_wall_sec": 26.044213250046596
}