{
  "experiment_id": "swr__boxcox",
  "method": "swr",
  "transform": "boxcox",
  "config": {
    "k_values": [
      1,
      2,
      3,
      4
    ],
    "m": 20,
    "max_lag": 100,
    "nu": 1.5,
    "seed": 42,
    "kernel_type": "gaussian",
    "boxcox_lambda": 0.2,
    "boxcox_shift": 0.0,
    "train_split": "hydr_year < 30",
    "test_split": "hydr_year >= 30",
    "sim_krig_definition": "sim=OLS kernel mean (BC space); krig=Cochrane-Orcutt AR in BC space"
  },
  "selection": {
    "criterion": "BIC_eff(OLS)",
    "best_K": 3,
    "best_bic_eff": 29943.660382732407,
    "ar_p": 2
  },
  "per_k": {
    "K1": {
      "K": 1,
      "n_params_eff": 4,
      "bic": 30804.27831648433,
      "aic": 31663.62862965335,
      "loglik": -15393.01619685921,
      "ic_type": "BIC_eff(OLS)",
      "fit_time_sec": 1.9722465418744832,
      "ar_p": 1,
      "ar_dw": 2.0220015212174824,
      "theta": [
        0.7077302740475243,
        18.362298641784637,
        1.5,
        0.0786366971163916
      ],
      "metrics": {
        "sim_train": {
          "RMSE": 3.4166196151353994,
          "NRMSE": 0.7116044357162535,
          "MAE": 1.6210140974390315,
          "RelErr": 2.6090128514728645,
          "NSE": 0.4936191270689524,
          "Bias": -0.306102430158953,
          "PBIAS": -14.287701353344506,
          "KGE": 0.42295575918602923,
          "N": 10501,
          "CRPS": 1.0607374391201565
        },
        "sim_test": {
          "RMSE": 3.059823858948727,
          "NRMSE": 0.7246721505458409,
          "MAE": 1.5450287237281528,
          "RelErr": 2.532809076932487,
          "NSE": 0.4748502742232663,
          "Bias": -0.4496864080390781,
          "PBIAS": -24.016900636847563,
          "KGE": 0.37436252776541856,
          "N": 3652,
          "CRPS": 0.9774231317877047
        },
        "krig_train": {
          "RMSE": 1.9541074734553976,
          "NRMSE": 0.4069963012028294,
          "MAE": 0.42276518368785376,
          "RelErr": 0.13238475122618987,
          "NSE": 0.8343540108072157,
          "Bias": -0.03947969471926887,
          "PBIAS": -1.8427625268352594,
          "KGE": 0.9140133059245348,
          "N": 10501,
          "CRPS": 0.3615823593887263
        },
        "krig_test": {
          "RMSE": 1.826667279590666,
          "NRMSE": 0.4326180090273197,
          "MAE": 0.373623622792005,
          "RelErr": 0.12323491737709918,
          "NSE": 0.8128416582652379,
          "Bias": -0.036532860032013545,
          "PBIAS": -1.9511509658359112,
          "KGE": 0.9048428716703941,
          "N": 3652,
          "CRPS": 0.3208347351652676
        }
      }
    },
    "K2": {
      "K": 2,
      "n_params_eff": 7,
      "bic": 30020.091062013973,
      "aic": 31637.148554628304,
      "loglik": -14994.328197233022,
      "ic_type": "BIC_eff(OLS)",
      "fit_time_sec": 2.716555166989565,
      "ar_p": 2,
      "ar_dw": 2.0595328696632436,
      "theta": [
        0.5873596310226494,
        25.14198973223987,
        1.5,
        0.06526218122473883
      ],
      "metrics": {
        "sim_train": {
          "RMSE": 2.8131571716190042,
          "NRMSE": 0.5859168848715225,
          "MAE": 1.469295815692999,
          "RelErr": 2.4742591842999953,
          "NSE": 0.656701404022451,
          "Bias": -0.3554738091285869,
          "PBIAS": -16.592170212852157,
          "KGE": 0.530504227990105,
          "N": 10501,
          "CRPS": 0.9554072858877589
        },
        "sim_test": {
          "RMSE": 2.5734744776309504,
          "NRMSE": 0.6094877908169503,
          "MAE": 1.4264928072506895,
          "RelErr": 2.4128649497497747,
          "NSE": 0.6285246328450735,
          "Bias": -0.4969350245160439,
          "PBIAS": -26.54035988949456,
          "KGE": 0.4777215334249486,
          "N": 3652,
          "CRPS": 0.8828619282009343
        },
        "krig_train": {
          "RMSE": 1.6455120518165387,
          "NRMSE": 0.3427228685072096,
          "MAE": 0.3489568213858361,
          "RelErr": 0.09630142117530284,
          "NSE": 0.8825410354021899,
          "Bias": -0.009232084505025726,
          "PBIAS": -0.4309187163530556,
          "KGE": 0.9354246910958566,
          "N": 10501,
          "CRPS": 0.29445468372219274
        },
        "krig_test": {
          "RMSE": 1.5165790625737678,
          "NRMSE": 0.35917839111357286,
          "MAE": 0.293196614007347,
          "RelErr": 0.08859817849701654,
          "NSE": 0.8709908833570653,
          "Bias": 0.0010969822328559628,
          "PBIAS": 0.05858774651823441,
          "KGE": 0.9271988352070829,
          "N": 3652,
          "CRPS": 0.25316560610292416
        }
      }
    },
    "K3": {
      "K": 3,
      "n_params_eff": 10,
      "bic": 29943.660382732407,
      "aic": 32289.81505254926,
      "loglik": -14949.45254768832,
      "ic_type": "BIC_eff(OLS)",
      "fit_time_sec": 4.220466415863484,
      "ar_p": 2,
      "ar_dw": 2.026877635846846,
      "theta": [
        0.5758226924579545,
        33.72447806081819,
        1.5,
        0.06398029916199494
      ],
      "metrics": {
        "sim_train": {
          "RMSE": 2.738035406750889,
          "NRMSE": 0.5702707237179152,
          "MAE": 1.4515411388896946,
          "RelErr": 2.4623300550453573,
          "NSE": 0.6747913016702451,
          "Bias": -0.3633045838417866,
          "PBIAS": -16.957681098895826,
          "KGE": 0.5567399652233703,
          "N": 10501,
          "CRPS": 0.9394339291408215
        },
        "sim_test": {
          "RMSE": 2.512157313814079,
          "NRMSE": 0.594965765034783,
          "MAE": 1.4108455215882152,
          "RelErr": 2.402819459121068,
          "NSE": 0.6460157384365754,
          "Bias": -0.49501344919841767,
          "PBIAS": -26.43773218573342,
          "KGE": 0.48159688564830483,
          "N": 3652,
          "CRPS": 0.8734765075857982
        },
        "krig_train": {
          "RMSE": 1.5609637578843512,
          "NRMSE": 0.32511337498095944,
          "MAE": 0.30924505762294524,
          "RelErr": 0.07966458441090778,
          "NSE": 0.8943012934084901,
          "Bias": 0.006782038533128816,
          "PBIAS": 0.31655985572509515,
          "KGE": 0.9409966847997508,
          "N": 10501,
          "CRPS": 0.26286464987595115
        },
        "krig_test": {
          "RMSE": 1.3000189164433962,
          "NRMSE": 0.3078894561770577,
          "MAE": 0.25242727932080006,
          "RelErr": 0.07319465829737778,
          "NSE": 0.9052040827749956,
          "Bias": 0.020071138429751653,
          "PBIAS": 1.071961546353582,
          "KGE": 0.927696587621177,
          "N": 3652,
          "CRPS": 0.21772874081143267
        }
      }
    },
    "K4": {
      "K": 4,
      "n_params_eff": 13,
      "bic": 29949.303223692652,
      "aic": 33005.951621245076,
      "loglik": -14945.574503754537,
      "ic_type": "BIC_eff(OLS)",
      "fit_time_sec": 7.619267707923427,
      "ar_p": 2,
      "ar_dw": 2.0279343418529163,
      "theta": [
        0.5747280135594155,
        34.1117127462892,
        1.5,
        0.0638586681732684
      ],
      "metrics": {
        "sim_train": {
          "RMSE": 2.728902351047075,
          "NRMSE": 0.5683685151952904,
          "MAE": 1.449124640602763,
          "RelErr": 2.461522532378525,
          "NSE": 0.676957230934701,
          "Bias": -0.3629607797733212,
          "PBIAS": -16.941633627950402,
          "KGE": 0.5535786979664279,
          "N": 10501,
          "CRPS": 0.9345130635697902
        },
        "sim_test": {
          "RMSE": 2.5196751232257655,
          "NRMSE": 0.5967462423971736,
          "MAE": 1.409928171359949,
          "RelErr": 2.401513264859476,
          "NSE": 0.6438939221848539,
          "Bias": -0.4965257650305534,
          "PBIAS": -26.518502114338375,
          "KGE": 0.4833376870631154,
          "N": 3652,
          "CRPS": 0.8776913029834414
        },
        "krig_train": {
          "RMSE": 1.5373935741151805,