{
  "experiment_id": "swr_gp__boxcox",
  "method": "swr_gp",
  "transform": "boxcox",
  "config": {
    "k_values": [
      1,
      2,
      3,
      4
    ],
    "m": 20,
    "max_lag": 100,
    "nu": 1.5,
    "seed": 42,
    "gp_maxiter": 200,
    "kernel_type": "gaussian",
    "boxcox_lambda": 0.2,
    "boxcox_shift": 0.0,
    "enforce_max_kernel_overlap_in_estimation": true,
    "train_split": "hydr_year < 30",
    "test_split": "hydr_year >= 30"
  },
  "selection": {
    "criterion": "BIC(GLS)",
    "best_K": 3,
    "best_bic": -4041.603148649793
  },
  "per_k": {
    "K1": {
      "K": 1,
      "n_params_eff": 6,
      "bic": -2228.9227419126714,
      "aic": -2272.4780965309074,
      "loglik": 1142.2390482654537,
      "ic_type": "BIC(GLS)",
      "fit_time_sec": 87.61415508389473,
      "theta": [
        1.1231199605889775,
        11.094385110720658,
        1.5,
        0.014512953130339724
      ],
      "metrics": {
        "sim_train": {
          "RMSE": 4.2749931850257195,
          "NRMSE": 0.8903841971885709,
          "MAE": 1.914331553096407,
          "RelErr": 2.54668022201448,
          "NSE": 0.20721598139686415,
          "Bias": 0.46140410335256565,
          "PBIAS": 21.536594885855216,
          "KGE": 0.09718165288462444,
          "N": 10501,
          "CRPS": 1.3947967966783623
        },
        "sim_test": {
          "RMSE": 3.795208232053198,
          "NRMSE": 0.8988366121951191,
          "MAE": 1.7164067748726282,
          "RelErr": 2.4287389696472723,
          "NSE": 0.19209274457760117,
          "Bias": 0.20700387664075437,
          "PBIAS": 11.055685579652238,
          "KGE": 0.09287869766162793,
          "N": 3652,
          "CRPS": 1.2036746806862502
        },
        "krig_train": {
          "RMSE": 1.7068653208410203,
          "NRMSE": 0.35550136400905186,
          "MAE": 0.36878265654040465,
          "RelErr": 0.10502768947526586,
          "NSE": 0.8736187801877036,
          "Bias": 0.06027113159923757,
          "PBIAS": 2.813228003681187,
          "KGE": 0.9298454219606433,
          "N": 10501,
          "CRPS": 0.31122898135174404
        },
        "krig_test": {
          "RMSE": 1.4372389993454848,
          "NRMSE": 0.3403879192124103,
          "MAE": 0.3042537947833367,
          "RelErr": 0.10226225081358378,
          "NSE": 0.8841360644542456,
          "Bias": 0.06124524283117815,
          "PBIAS": 3.2709925967524063,
          "KGE": 0.8899034477466256,
          "N": 3652,
          "CRPS": 0.26104698659208253
        }
      }
    },
    "K2": {
      "K": 2,
      "n_params_eff": 9,
      "bic": -3892.7694680612817,
      "aic": -3958.102499988636,
      "loglik": 1988.051249994318,
      "ic_type": "BIC(GLS)",
      "fit_time_sec": 89.24026029207744,
      "theta": [
        0.867825016927575,
        15.161671641769349,
        1.5,
        0.017542562941851907
      ],
      "metrics": {
        "sim_train": {
          "RMSE": 3.4371526490123845,
          "NRMSE": 0.7158810013370933,
          "MAE": 1.7006249804597209,
          "RelErr": 2.446638450469291,
          "NSE": 0.48751439192460067,
          "Bias": 0.1714266365456003,
          "PBIAS": 8.001545710368914,
          "KGE": 0.41690527397175203,
          "N": 10501,
          "CRPS": 1.1772408036013544
        },
        "sim_test": {
          "RMSE": 3.1710561178039978,
          "NRMSE": 0.7510157977459824,
          "MAE": 1.5495564484295414,
          "RelErr": 2.3447872703396344,
          "NSE": 0.4359752715359658,
          "Bias": -0.04314155572424891,
          "PBIAS": -2.3041089048398993,
          "KGE": 0.38415042180516457,
          "N": 3652,
          "CRPS": 1.0386934398290928
        },
        "krig_train": {
          "RMSE": 1.7983258923838201,
          "NRMSE": 0.37455052831012986,
          "MAE": 0.351603003732768,
          "RelErr": 0.0984385386574701,
          "NSE": 0.8597119017426026,
          "Bias": 0.023782005597050255,
          "PBIAS": 1.1100538907115998,
          "KGE": 0.9143383745484517,
          "N": 10501,
          "CRPS": 0.2990778913793787
        },
        "krig_test": {
          "RMSE": 1.3481455862662062,
          "NRMSE": 0.3192875166298211,
          "MAE": 0.2891170467373813,
          "RelErr": 0.09470869201594438,
          "NSE": 0.8980554817243618,
          "Bias": 0.03602572176545987,
          "PBIAS": 1.9240656700848684,
          "KGE": 0.9146489004029325,
          "N": 3652,
          "CRPS": 0.24300934844732008
        }
      }
    },
    "K3": {
      "K": 3,
      "n_params_eff": 12,
      "bic": -4041.603148649793,
      "aic": -4128.713857886265,
      "loglik": 2076.3569289431325,
      "ic_type": "BIC(GLS)",
      "fit_time_sec": 91.13819416705519,
      "theta": [
        0.7193294870771959,
        14.582093535954765,
        1.5,
        0.01776043677427411
      ],
      "metrics": {
        "sim_train": {
          "RMSE": 2.7093921386614515,
          "NRMSE": 0.5643049801111175,
          "MAE": 1.5114009543000577,
          "RelErr": 2.554367846567139,
          "NSE": 0.6815598894217912,
          "Bias": -0.49689808066863606,
          "PBIAS": -23.193319229634707,
          "KGE": 0.6443538430576387,
          "N": 10501,
          "CRPS": 0.9461526640185229
        },
        "sim_test": {
          "RMSE": 2.591547478316622,
          "NRMSE": 0.6137681026510445,
          "MAE": 1.4684505639246717,
          "RelErr": 2.4869682169584095,
          "NSE": 0.6232887161681369,
          "Bias": -0.6200566066994992,
          "PBIAS": -33.11605075470422,
          "KGE": 0.5425951724149287,
          "N": 3652,
          "CRPS": 0.8906041848412213
        },
        "krig_train": {
          "RMSE": 1.8580079099889444,
          "NRMSE": 0.38698094001653194,
          "MAE": 0.3539015552160975,
          "RelErr": 0.10305219683546568,
          "NSE": 0.8502457520639213,
          "Bias": -0.02167981282415055,
          "PBIAS": -1.011931499096632,
          "KGE": 0.8875283759210589,
          "N": 10501,
          "CRPS": 0.2978364604717042
        },
        "krig_test": {
          "RMSE": 1.3445308385353831,
          "NRMSE": 0.31843141930771046,
          "MAE": 0.2874485713703218,
          "RelErr": 0.09892416943806347,
          "NSE": 0.8986014311976771,
          "Bias": -0.0008683434028968061,
          "PBIAS": -0.0463765789964067,
          "KGE": 0.9375311716115852,
          "N": 3652,
          "CRPS": 0.2417172170886697
        }
      }
    },
    "K4": {
      "K": 4,
      "n_params_eff": 15,
      "bic": -4036.5480336088985,
      "aic": -4145.436420154489,
      "loglik": 2087.7182100772443,
      "ic_type": "BIC(GLS)",
      "fit_time_sec": 99.36302920803428,
      "theta": [
        0.7076005305819917,
        14.610186134076573,
        1.5,
        0.01783244674633737
      ],
      "metrics": {
        "sim_train": {
          "RMSE": 2.663092384934154,
          "NRMSE": 0.5546617906910951,
          "MAE": 1.487481904791186,
          "RelErr": 2.565246702950573,
          "NSE": 0.6923502979473479,
          "Bias": -0.5533680943958765,
          "PBIAS": -25.82912545676955,
          "KGE": 0.6328336997957318,
          "N": 10501,
          "CRPS": 0.9255413503296633
        },
        "sim_test": {
          "RMSE": 2.4748696538895376,
          "NRMSE": 0.5861347571232286,
          "MAE": 1.4540587657311965,
          "RelErr": 2.5053652056948486,
          "NSE": 0.6564460464920939,
          "Bias": -0.6663911498105114,
          "PBIAS": -35.59069107750936,
          "KGE": 0.5259985470847719,
          "N": 3652,
          "CRPS": 0.8679471868146383
        },
        "krig_train": {
          "RMSE": 1.8602172189746708,
          "NRMSE": 0.38744108900916374,
          "MAE": 0.352954340551268,
          "RelErr": 0.10366895887341297,
          "NSE": 0.8498894025473933,
          "Bias": -0.023036235424254974,
          "PBIAS": -1.0752441654127907,