{
  "experiment": "multiscale_residual_covariance",
  "config": {
    "K": 4,
    "m": 20,
    "nu": 1.5,
    "maxiter": 202,
    "seed": 42,
    "test_mode": false,
    "n_train": 10501,
    "n_test": 3652
  },
  "baseline_single_scale": {
    "log_lik": 3978.8012331960654,
    "aic": -7927.602466392131,
    "aic_eff": -3217.61463574315,
    "bic": -7818.714079846541,
    "bic_eff": -7894.652966831291,
    "n_eff": 66.46219594974515,
    "fit_time_seconds": 133.80597925186157,
    "theta": [
      0.4126937112699158,
      12.51038043574864,
      1.5,
      0.011799531208800073
    ],
    "metrics": {
      "train_sim": {
        "RMSE": 6.806724790424754,
        "NRMSE": 1.417686514503631,
        "MAE": 1.1378253849054214,
        "RelErr": 0.9288858964676248,
        "NSE": -1.0098350534054537,
        "Bias": 0.07245237108214483,
        "PBIAS": 3.3818020975064833,
        "KGE": 0.11328639823230569,
        "N": 10501.0,
        "CRPS": 0.8381478926506188
      },
      "test_sim": {
        "RMSE": 2.46260158610212,
        "NRMSE": 0.5832292542327437,
        "MAE": 0.9220967254820718,
        "RelErr": 0.9681481041997102,
        "NSE": 0.6598436370071177,
        "Bias": 0.09834407762530378,
        "PBIAS": 5.252371204299534,
        "KGE": 0.7911191043413622,
        "N": 3652.0,
        "CRPS": 0.645046557361747
      },
      "train_krig": {
        "RMSE": 6.498819212421277,
        "NRMSE": 1.353556760603483,
        "MAE": 0.5367910838553229,
        "RelErr": 0.08494191751237581,
        "NSE": -0.8321159041753945,
        "Bias": -0.13350103781719613,
        "PBIAS": -6.231322494575302,
        "KGE": 0.06479909329006539,
        "N": 10501.0,
        "CRPS": 0.5528834731021565
      },
      "test_krig": {
        "RMSE": 1.7760919332711715,
        "NRMSE": 0.4206400172632641,
        "MAE": 0.3219876216685034,
        "RelErr": 0.07495415614383837,
        "NSE": 0.8230619758767609,
        "Bias": -0.007585891177153782,
        "PBIAS": -0.4051481018474736,
        "KGE": 0.8957569386453997,
        "N": 3652.0,
        "CRPS": 0.397387863831876
      }
    }
  },
  "multiscale_residual": {
    "log_lik": 4842.126526423786,
    "aic": -9648.253052847573,
    "aic_eff": -3992.2960833832085,
    "bic": -9517.586988992865,
    "bic_eff": -9608.72621728903,
    "n_eff": 66.41582183914062,
    "fit_time_seconds": 1529.822564125061,
    "theta_short": [
      0.11570148741343261,
      2.144686542450682,
      1.5,
      0.02355146877742005
    ],
    "theta_long": [
      0.47861361370898375,
      56.74283657559492,
      1.5,
      0.2705785916944225
    ],
    "metrics": {
      "train_sim": {
        "RMSE": 11.093143314224372,
        "NRMSE": 2.3104503508288063,
        "MAE": 1.3417623841520208,
        "RelErr": 1.0276726300217227,
        "NSE": -4.338180823644955,
        "Bias": -0.5389661033740968,
        "PBIAS": -25.156895097455234,
        "KGE": -0.8210222278859531,
        "N": 10501.0,
        "CRPS": 1.1255912229998313
      },
      "test_sim": {
        "RMSE": 3.2038770543126476,
        "NRMSE": 0.7587889310173934,
        "MAE": 0.9381737992649566,
        "RelErr": 1.0654622286180264,
        "NSE": 0.4242393581654814,
        "Bias": -0.3201797355364889,
        "PBIAS": -17.10019417274391,
        "KGE": 0.6121001526791146,
        "N": 3652.0,
        "CRPS": 0.8119584938532225
      },
      "train_krig": {
        "RMSE": 6.476255162373963,
        "NRMSE": 1.348857180342847,
        "MAE": 0.4949054009759668,
        "RelErr": 0.07126857488446153,
        "NSE": -0.8194156929624556,
        "Bias": -0.14345257281546278,
        "PBIAS": -6.695822433333566,
        "KGE": 0.05697907887775522,
        "N": 10501.0,
        "CRPS": 0.7131418529543518
      },
      "test_krig": {
        "RMSE": 2.006505984703102,
        "NRMSE": 0.475210036278844,
        "MAE": 0.3001120908257388,
        "RelErr": 0.05956447148210173,
        "NSE": 0.7741754214198598,
        "Bias": -0.009707526798175676,
        "PBIAS": -0.5184606480724668,
        "KGE": 0.8420388917381103,
        "N": 3652.0,
        "CRPS": 0.548228808460297
      }
    }
  },
  "improvement": {
    "test_sim_nse_delta": -0.23560427884163626,
    "test_krig_nse_delta": -0.048886554456901044,
    "test_sim_crps_delta": 0.1669119364914755,
    "test_krig_crps_delta": 0.15084094462842096
  }
}