{
  "experiment_id": "swr__none",
  "method": "swr",
  "transform": "none",
  "config": {
    "k_values": [
      1,
      2,
      3,
      4
    ],
    "m": 20,
    "max_lag": 100,
    "nu": 1.5,
    "seed": 42,
    "kernel_type": "gaussian",
    "train_split": "hydr_year < 30",
    "test_split": "hydr_year >= 30",
    "sim_krig_definition": "sim=OLS kernel mean; krig=Cochrane-Orcutt progressive AR"
  },
  "selection": {
    "criterion": "BIC_eff(OLS)",
    "best_K": 4,
    "best_bic_eff": 51262.05100577796,
    "ar_p": 1
  },
  "per_k": {
    "K1": {
      "K": 1,
      "n_params_eff": 4,
      "bic": 53826.639237332594,
      "aic": 54055.515228568926,
      "loglik": -26901.70202440303,
      "ic_type": "BIC_eff(OLS)",
      "fit_time_sec": 0.12718383292667568,
      "ar_p": 2,
      "ar_dw": 1.9929111044202368,
      "theta": [
        8.829275054457236,
        5.084759687275359,
        1.5,
        0.9810305616063595
      ],
      "metrics": {
        "sim_train": {
          "RMSE": 3.135800057030763,
          "NRMSE": 0.6531160859163833,
          "MAE": 1.5511480995071747,
          "RelErr": 1.4083758352402291,
          "NSE": 0.5734393783172634,
          "Bias": 0.15144762002270895,
          "PBIAS": 7.06900093682897,
          "KGE": 0.6621459306445928,
          "N": 10501,
          "CRPS": 1.4240638867130762
        },
        "sim_test": {
          "RMSE": 2.9399682249648413,
          "NRMSE": 0.6962861897722756,
          "MAE": 1.4637672321333026,
          "RelErr": 1.482451686303943,
          "NSE": 0.5151855419324067,
          "Bias": 0.017807120010502674,
          "PBIAS": 0.951044604139998,
          "KGE": 0.6800765005271221,
          "N": 3652,
          "CRPS": 1.3639440481955492
        },
        "krig_train": {
          "RMSE": 1.7868826912880686,
          "NRMSE": 0.37216716885669326,
          "MAE": 0.5127204782165188,
          "RelErr": 0.3041490655122092,
          "NSE": 0.8614915984251935,
          "Bias": 0.028682106331831134,
          "PBIAS": 1.3387720222974804,
          "KGE": 0.9093854038472482,
          "N": 10501,
          "CRPS": 0.6640770880098917
        },
        "krig_test": {
          "RMSE": 1.634974969226466,
          "NRMSE": 0.3872186379529165,
          "MAE": 0.4696871937197897,
          "RelErr": 0.3224335597241767,
          "NSE": 0.8500617264218882,
          "Bias": 0.003293719558689718,
          "PBIAS": 0.17591133276996462,
          "KGE": 0.9085666055728119,
          "N": 3652,
          "CRPS": 0.6317931477962582
        }
      }
    },
    "K2": {
      "K": 2,
      "n_params_eff": 7,
      "bic": 51860.390225652955,
      "aic": 52216.7228268453,
      "loglik": -25909.501243804574,
      "ic_type": "BIC_eff(OLS)",
      "fit_time_sec": 0.8284829170443118,
      "ar_p": 1,
      "ar_dw": 2.0012944652988223,
      "theta": [
        7.258666324630466,
        4.903232739490127,
        1.5,
        0.8065184805144963
      ],
      "metrics": {
        "sim_train": {
          "RMSE": 2.8530769098096562,
          "NRMSE": 0.5942312616441835,
          "MAE": 1.3888192467973743,
          "RelErr": 1.375050796158739,
          "NSE": 0.6468892076847621,
          "Bias": -0.2736111257680466,
          "PBIAS": -12.771130401990678,
          "KGE": 0.6737670143494238,
          "N": 10501,
          "CRPS": 1.2803428790251263
        },
        "sim_test": {
          "RMSE": 2.6731050776073357,
          "NRMSE": 0.6330837638119008,
          "MAE": 1.3069360289189746,
          "RelErr": 1.4310556771458656,
          "NSE": 0.5992049479977575,
          "Bias": -0.3781618353509541,
          "PBIAS": -20.196908472009046,
          "KGE": 0.6568478480082718,
          "N": 3652,
          "CRPS": 1.2209035892775795
        },
        "krig_train": {
          "RMSE": 1.6425287041935057,
          "NRMSE": 0.3421015048082982,
          "MAE": 0.4857838875579845,
          "RelErr": 0.3389334761316137,
          "NSE": 0.8829665604078979,
          "Bias": -0.05537715451453565,
          "PBIAS": -2.584795700873194,
          "KGE": 0.9097634754849637,
          "N": 10501,
          "CRPS": 0.6234838647810412
        },
        "krig_test": {
          "RMSE": 1.532372751764689,
          "NRMSE": 0.36291888312835496,
          "MAE": 0.447203890099646,
          "RelErr": 0.36771874431730306,
          "NSE": 0.8682898842688674,
          "Bias": -0.07347920939593622,
          "PBIAS": -3.924385614926032,
          "KGE": 0.9032103363984918,
          "N": 3652,
          "CRPS": 0.5934517270611956
        }
      }
    },
    "K3": {
      "K": 3,
      "n_params_eff": 10,
      "bic": 51307.92609789108,
      "aic": 51787.91522076858,
      "loglik": -25624.142676108917,
      "ic_type": "BIC_eff(OLS)",
      "fit_time_sec": 1.6254452920984477,
      "ar_p": 1,
      "ar_dw": 1.9942516555420162,
      "theta": [
        6.803666002865891,
        5.399986985821445,
        1.5,
        0.7559628892073214
      ],
      "metrics": {
        "sim_train": {
          "RMSE": 2.7765901524276106,
          "NRMSE": 0.5783008034844566,
          "MAE": 1.327382215931008,
          "RelErr": 1.298309080455719,
          "NSE": 0.665568180689232,
          "Bias": -0.38707103028355233,
          "PBIAS": -18.067008747205822,
          "KGE": 0.6549090726321569,
          "N": 10501,
          "CRPS": 1.2465249911807128
        },
        "sim_test": {
          "RMSE": 2.6046756572678174,
          "NRMSE": 0.6168773096223837,
          "MAE": 1.247189834857925,
          "RelErr": 1.3487045850087243,
          "NSE": 0.6194623848730498,
          "Bias": -0.48389498101025513,
          "PBIAS": -25.843915826298677,
          "KGE": 0.6252082660711591,
          "N": 3652,
          "CRPS": 1.1885242453905074
        },
        "krig_train": {
          "RMSE": 1.5289239226145563,
          "NRMSE": 0.31844020340616574,
          "MAE": 0.44135120063358246,
          "RelErr": 0.30446873431510557,
          "NSE": 0.8985958368546398,
          "Bias": -0.06994840832643348,
          "PBIAS": -3.2649266057473243,
          "KGE": 0.912276053745546,
          "N": 10501,
          "CRPS": 0.588927454015492
        },
        "krig_test": {
          "RMSE": 1.4504497097575084,
          "NRMSE": 0.34351667248901513,
          "MAE": 0.4035516159010478,
          "RelErr": 0.32518581593409174,
          "NSE": 0.8819962957220747,
          "Bias": -0.08550872141173596,
          "PBIAS": -4.566859102290408,
          "KGE": 0.9040781573525639,
          "N": 3652,
          "CRPS": 0.5637774356446472
        }
      }
    },
    "K4": {
      "K": 4,
      "n_params_eff": 13,
      "bic": 51262.05100577796,
      "aic": 51891.609414909275,
      "loglik": -25592.309518748556,
      "ic_type": "BIC_eff(OLS)",
      "fit_time_sec": 6.475433625048026,
      "ar_p": 1,
      "ar_dw": 1.994260852198503,
      "theta": [
        6.746230051031882,
        5.3521356289333415,
        1.5,
        0.7495811167813202
      ],
      "metrics": {
        "sim_train": {
          "RMSE": 2.768185829449367,
          "NRMSE": 0.5765503734734548,
          "MAE": 1.3087008113499223,
          "RelErr": 1.2812071547500252,
          "NSE": 0.6675896668476198,
          "Bias": -0.4087072528731035,
          "PBIAS": -19.0769056193524,
          "KGE": 0.6492979181065914,
          "N": 10501,
          "CRPS": 1.2415782125281085
        },
        "sim_test": {
          "RMSE": 2.608805607622075,
          "NRMSE": 0.6178554247501923,
          "MAE": 1.2314380240957115,
          "RelErr": 1.3288411070787085,
          "NSE": 0.6182546741067595,
          "Bias": -0.5040186254757766,
          "PBIAS": -26.918681620726865,
          "KGE": 0.6166671059001833,
          "N": 3652,
          "CRPS": 1.1859603507209338
        },
        "krig_train": {
          "RMSE": 1.5282762866098976,
          "NRMSE": 0.318305315503631,
          "MAE": 0.44106823385645927,