{
  "experiment_id": "swr_gp__none",
  "method": "swr_gp",
  "transform": "none",
  "config": {
    "k_values": [
      1,
      2,
      3,
      4
    ],
    "m": 20,
    "max_lag": 100,
    "nu": 1.5,
    "seed": 42,
    "gp_maxiter": 200,
    "kernel_type": "gaussian",
    "enforce_max_kernel_overlap_in_estimation": true,
    "train_split": "hydr_year < 30",
    "test_split": "hydr_year >= 30"
  },
  "selection": {
    "criterion": "BIC(GLS)",
    "best_K": 3,
    "best_bic": 39167.13227182002
  },
  "per_k": {
    "K1": {
      "K": 1,
      "n_params_eff": 6,
      "bic": 40529.23849386174,
      "aic": 40485.683139243505,
      "loglik": -20236.841569621753,
      "ic_type": "BIC(GLS)",
      "fit_time_sec": 86.92443787492812,
      "theta": [
        13.795737843401547,
        4.904394001150776,
        1.5,
        0.8191309264210084
      ],
      "metrics": {
        "sim_train": {
          "RMSE": 4.079094084648197,
          "NRMSE": 0.8495828541991659,
          "MAE": 1.7641907755828592,
          "RelErr": 1.0041858170192703,
          "NSE": 0.2782089738507989,
          "Bias": 1.4737314857726422,
          "PBIAS": 68.78820051446863,
          "KGE": 0.031144887079637584,
          "N": 10501,
          "CRPS": 1.7424984560817358
        },
        "sim_test": {
          "RMSE": 3.6238866088864,
          "NRMSE": 0.8582617246138637,
          "MAE": 1.5608829445624037,
          "RelErr": 1.0468109810437447,
          "NSE": 0.26338681206283643,
          "Bias": 1.2495005820660312,
          "PBIAS": 66.73346311715795,
          "KGE": 0.054673965628716625,
          "N": 3652,
          "CRPS": 1.5818421608253284
        },
        "krig_train": {
          "RMSE": 1.6249041069911814,
          "NRMSE": 0.3384307006335147,
          "MAE": 0.5106653655981529,
          "RelErr": 0.32417396005602994,
          "NSE": 0.8854646608687083,
          "Bias": 0.1587172510020523,
          "PBIAS": 7.408319760034469,
          "KGE": 0.8610265595270021,
          "N": 10501,
          "CRPS": 0.6360604854368723
        },
        "krig_test": {
          "RMSE": 1.5465837072231534,
          "NRMSE": 0.36628452903744163,
          "MAE": 0.4728110658429023,
          "RelErr": 0.3475944458851609,
          "NSE": 0.8658356437878196,
          "Bias": 0.13011000786110885,
          "PBIAS": 6.948929464615163,
          "KGE": 0.8577441280781514,
          "N": 3652,
          "CRPS": 0.6115306183494897
        }
      }
    },
    "K2": {
      "K": 2,
      "n_params_eff": 9,
      "bic": 39326.95621157481,
      "aic": 39261.62317964746,
      "loglik": -19621.81158982373,
      "ic_type": "BIC(GLS)",
      "fit_time_sec": 88.60435487492941,
      "theta": [
        7.137313415135034,
        3.486060609794142,
        1.5,
        0.727183271696175
      ],
      "metrics": {
        "sim_train": {
          "RMSE": 2.911875877345633,
          "NRMSE": 0.6064777540335561,
          "MAE": 1.4745072836660025,
          "RelErr": 1.4056811169462538,
          "NSE": 0.6321847338624134,
          "Bias": -0.0277439695792359,
          "PBIAS": -1.2949833540967188,
          "KGE": 0.7070051115355193,
          "N": 10501,
          "CRPS": 1.3245086035912832
        },
        "sim_test": {
          "RMSE": 2.7661145697547966,
          "NRMSE": 0.6551116294024496,
          "MAE": 1.3907547863277723,
          "RelErr": 1.4814965761921182,
          "NSE": 0.5708287530216676,
          "Bias": -0.14911075765806253,
          "PBIAS": -7.963723578337589,
          "KGE": 0.7066354376851693,
          "N": 3652,
          "CRPS": 1.2665025273289046
        },
        "krig_train": {
          "RMSE": 1.563550752475892,
          "NRMSE": 0.32565218732587464,
          "MAE": 0.5250172678731274,
          "RelErr": 0.3906621622286212,
          "NSE": 0.8939506528898735,
          "Bias": -0.01389035368222265,
          "PBIAS": -0.6483490673395482,
          "KGE": 0.9167311616877304,
          "N": 10501,
          "CRPS": 0.6153125932817559
        },
        "krig_test": {
          "RMSE": 1.4905927634080522,
          "NRMSE": 0.3530239364229631,
          "MAE": 0.4869269958009372,
          "RelErr": 0.4162364318595156,
          "NSE": 0.8753741003124358,
          "Bias": -0.03806991725726774,
          "PBIAS": -2.033242285458075,
          "KGE": 0.9103746809916928,
          "N": 3652,
          "CRPS": 0.5917666581509574
        }
      }
    },
    "K3": {
      "K": 3,
      "n_params_eff": 12,
      "bic": 39167.13227182002,
      "aic": 39080.02156258355,
      "loglik": -19528.010781291774,
      "ic_type": "BIC(GLS)",
      "fit_time_sec": 90.68230741703883,
      "theta": [
        6.5038745611138635,
        3.2926283535751977,
        1.5,
        0.7094920780941623
      ],
      "metrics": {
        "sim_train": {
          "RMSE": 2.778808260206686,
          "NRMSE": 0.5787627850663378,
          "MAE": 1.337684402414484,
          "RelErr": 1.3087654149926058,
          "NSE": 0.665033638622256,
          "Bias": -0.3796010954578775,
          "PBIAS": -17.718340499577838,
          "KGE": 0.6617116225963937,
          "N": 10501,
          "CRPS": 1.2444389962661344
        },
        "sim_test": {
          "RMSE": 2.6120953718162125,
          "NRMSE": 0.6186345547273582,
          "MAE": 1.2619523310864083,
          "RelErr": 1.3616556457717854,
          "NSE": 0.6172912876972834,
          "Bias": -0.47693438169859953,
          "PBIAS": -25.47216338047778,
          "KGE": 0.6316636394663552,
          "N": 3652,
          "CRPS": 1.188307851721182
        },
        "krig_train": {
          "RMSE": 1.5511040170341757,
          "NRMSE": 0.32305981441105686,
          "MAE": 0.48342603254188643,
          "RelErr": 0.36402533065040305,
          "NSE": 0.8956323563126934,
          "Bias": -0.08932123401030413,
          "PBIAS": -4.169176688302411,
          "KGE": 0.903528938470955,
          "N": 10501,
          "CRPS": 0.6061151116486881
        },
        "krig_test": {
          "RMSE": 1.4760651775972484,
          "NRMSE": 0.34958330149198,
          "MAE": 0.4487494621086708,
          "RelErr": 0.3852792987817199,
          "NSE": 0.8777915153179674,
          "Bias": -0.11016784653778075,
          "PBIAS": -5.883856341602882,
          "KGE": 0.8931165829180661,
          "N": 3652,
          "CRPS": 0.5822821242617996
        }
      }
    },
    "K4": {
      "K": 4,
      "n_params_eff": 15,
      "bic": 39182.26389435457,
      "aic": 39073.37550780898,
      "loglik": -19521.68775390449,
      "ic_type": "BIC(GLS)",
      "fit_time_sec": 98.78769208281301,
      "theta": [
        6.488791975116262,
        3.27531813363313,
        1.5,
        0.7046352434790693
      ],
      "metrics": {
        "sim_train": {
          "RMSE": 2.776909017943388,
          "NRMSE": 0.5783672159450123,
          "MAE": 1.3320310838802896,
          "RelErr": 1.3008900016609446,
          "NSE": 0.6654913635200155,
          "Bias": -0.3874072751575082,
          "PBIAS": -18.082703383599853,
          "KGE": 0.6586202824082521,
          "N": 10501,
          "CRPS": 1.241966159712086
        },
        "sim_test": {
          "RMSE": 2.6102990667470425,
          "NRMSE": 0.6182091275402001,
          "MAE": 1.2530065514174857,
          "RelErr": 1.3522558739369586,
          "NSE": 0.6178174746259847,
          "Bias": -0.48420842956655835,
          "PBIAS": -25.860656520918123,
          "KGE": 0.6279855491385213,
          "N": 3652,
          "CRPS": 1.1843534598683012
        },
        "krig_train": {
          "RMSE": 1.5503316350937597,
          "NRMSE": 0.3228989447571943,
          "MAE": 0.4815909152154062,
          "RelErr": 0.36249862480401684,
          "NSE": 0.8957362714746904,
          "Bias": -0.09109756251884797,
          "PBIAS": -4.25208897103838,
          "KGE": 0.902917613438941,
          "N": 10501,
          "CRPS": 0.6057159716927457
        },