{
  "experiment_id": "nn_gp__none",
  "method": "nn_gp",
  "transform": "none",
  "config": {
    "m": 20,
    "max_lag": 100,
    "nu": 1.5,
    "seed": 42,
    "hidden_dim": 24,
    "dropout": 0.0,
    "weight_decay": 0.001,
    "epochs": 400,
    "gls_iterations": 6,
    "n_params_eff": 3052,
    "train_split": "hydr_year < 30",
    "test_split": "hydr_year >= 30",
    "selection": "tail-of-training heldout CRPS (kriging)"
  },
  "selection": {
    "criterion": "val_CRPS_krig(train_heldout)",
    "selection_score": 0.8929011977195583,
    "subtrain_n": 8401,
    "holdout_n": 2100
  },
  "best": {
    "theta": [
      4.6666416521227605,
      9.007127543360761,
      1.5,
      0.0064586319421263225
    ],
    "n_params_eff": 3052,
    "metrics": {
      "sim_train": {
        "RMSE": 2.227860630368877,
        "NRMSE": 0.46401287977891403,
        "MAE": 1.123793238541742,
        "RelErr": 1.5411764766085403,
        "NSE": 0.7846920473992791,
        "Bias": -0.011795557277672779,
        "PBIAS": -0.550571910167923,
        "KGE": 0.6883433822643719,
        "N": 10501,
        "CRPS": 0.9838347082464494
      },
      "sim_test": {
        "RMSE": 2.7529723000801942,
        "NRMSE": 0.6519990852603108,
        "MAE": 1.2230673271022743,
        "RelErr": 1.5305153822247004,
        "NSE": 0.574897192819718,
        "Bias": -0.1155850606333525,
        "PBIAS": -6.173179501778474,
        "KGE": 0.5348679478743247,
        "N": 3652,
        "CRPS": 1.0637131113682423
      },
      "krig_train": {
        "RMSE": 0.2959246500934327,
        "NRMSE": 0.06163439813768139,
        "MAE": 0.13603546751372328,
        "RelErr": 0.1571978015069561,
        "NSE": 0.9962012009662058,
        "Bias": -0.0017142350463783163,
        "PBIAS": -0.08001399524783774,
        "KGE": 0.9889997097012526,
        "N": 10501,
        "CRPS": 0.1254109508072647
      },
      "krig_test": {
        "RMSE": 2.1179723257319774,
        "NRMSE": 0.5016091222362375,
        "MAE": 0.5603151601989161,
        "RelErr": 0.2715633990432697,
        "NSE": 0.7483882884893913,
        "Bias": -0.04249922588979958,
        "PBIAS": -2.2698032831126986,
        "KGE": 0.8578231697793307,
        "N": 3652,
        "CRPS": 0.5327589226510255
      }
    },
    "diagnostics": {
      "calibration": {
        "sim_train": {
          "n_valid": 10501,
          "pit_mean": 0.45275488959161364,
          "pit_var": 0.03462342419579869,
          "rqr_mean": -0.012894055844032042,
          "rqr_std": 0.9647105854337337
        },
        "sim_test": {
          "n_valid": 3652,
          "pit_mean": 0.436687715555339,
          "pit_var": 0.03417454311062324,
          "rqr_mean": -0.081490301560064,
          "rqr_std": 1.0235958525710704
        },
        "krig_train": {
          "n_valid": 10501,
          "pit_mean": 0.49200715542039447,
          "pit_var": 0.037289583505891684,
          "rqr_mean": -0.010129319788015902,
          "rqr_std": 0.8123241900226518
        },
        "krig_test": {
          "n_valid": 3652,
          "pit_mean": 0.4800425119041725,
          "pit_var": 0.061105642541858636,
          "rqr_mean": -0.08816406830553833,
          "rqr_std": 1.9649467278336556
        }
      },
      "innovation": {
        "sim_test": {
          "n_valid": 3652,
          "z_mean": -0.053468642079643934,
          "z_std": 1.2723780519909467,
          "z_skew": 6.0665024690160285,
          "z_excess_kurtosis": 63.56503179699132
        },
        "krig_test": {
          "n_valid": 3652,
          "z_mean": -0.14373913633792826,
          "z_std": 7.16187673408368,
          "z_skew": -0.862850644239039,
          "z_excess_kurtosis": 77.99384774867622
        }
      }
    }
  },
  "runtime_wall_sec": 24.214196665911004
}